Order,Coll_Count,portalName,UUID
1,1,03a-02,49d5a3a6a90643938257baca35ea62fc_0
2,2,03a-02,a5fa1284394e49059e5da1aa804d3a33_0
3,3,03a-02,307b8c6f2226461e96bf3d147096ba5f
4,4,03a-02,b726ff52662d46839e3d509a582f34ef_0
5,1,04a-01,05856e0bb0614dacb914684864af86e2_4
6,1,04c-01,6aa55c37671c4b00b487c858ca7646d7_7
7,2,04c-01,d9d0410e00a6424ab7ee6479023bebd4_0
8,3,04c-01,da5efb5502c54cd88a7c214fa1b0192d_8
9,4,04c-01,eed84f600bdc4f2b9bf33af1d13f33fe_0
10,5,04c-01,af1c2b79ad6d4f8ab2da5a650912b06b_1
11,6,04c-01,333a674a1a1748ffad283fca523b5a49_32
12,7,04c-01,f2ffaaace4a645818a7e9de283e52af8_0
13,8,04c-01,155496f6b34247b5909fd1173f8163b5_0
14,9,04c-01,91035a3459b4459d85f920d73978c4e2_11
15,10,04c-01,e8b6fca126474060a9209b0c94760572_0
16,11,04c-01,9ad16c12e50e4664a95a016766b5ad51_1
17,12,04c-01,f43fc2b0ad40448aae77a08d4ec3ccf5_2
18,13,04c-01,14c3e977a76a4b46af6719b3d1a47694_7
19,14,04c-01,2acc75ccdd954267acecb8713b2b800a_28
20,15,04c-01,a0225495cda9411db0373a1db40a64d5_21
21,16,04c-01,57a339b68b314a1abe86a0569de694c5_3
22,17,04c-01,04dc606916cf417dbeef6b2f2a777bce_26
23,1,05b-03,f3657d18bbe6423881f62c668c334a08_2
24,1,05b-10,69c050b1159540c29c7ffc884c12f066_0
25,2,05b-10,0b6c02bd5c674c72bf3493a9c929eb1d_0
26,3,05b-10,a42323a83858471fa32c4c4139950969_0
27,1,05c-01,c9b871eb925a4178a862f45310460510_0
28,1,06a-01,833e2ef6bbbe4fc59defbec58f959dc9_5
29,2,06a-01,2aa59d73bbaa4c13a12539713c6e8f3b_2
30,3,06a-01,5e087317ab6a4fb28abe4d41d8204e95_4
31,4,06a-01,84d8830af6254152b1cf30d742c840e4_6
32,5,06a-01,79c9bb415d254bad9a14575e52d93bd4_7
33,6,06a-01,ae024fcf142a4aeea7c003f2ae2bedcd_4
34,7,06a-01,b1e8b023f10a44fc82f34fc23b7332b9_3
35,8,06a-01,b826e866a5b5435a858d46e730164b49_3
36,9,06a-01,90059f787e744db3a0ef7add7d679548_5
37,10,06a-01,f0b0a3c3aee64cff9908f138de9390b8_5
38,11,06a-01,d5945bbf78ce4696bfc91dff1c6026f9_10
39,12,06a-01,5ab33da2a52444e5b557abdfaa667ffe_11
40,13,06a-01,97de45ab67f9417b8c32e5223e530823_5
41,14,06a-01,97de45ab67f9417b8c32e5223e530823_4
42,15,06a-01,97de45ab67f9417b8c32e5223e530823_3
43,16,06a-01,97de45ab67f9417b8c32e5223e530823_2
44,17,06a-01,97de45ab67f9417b8c32e5223e530823_1
45,18,06a-01,97de45ab67f9417b8c32e5223e530823_0
46,1,06a-02,97de45ab67f9417b8c32e5223e530823_0
47,2,06a-02,97de45ab67f9417b8c32e5223e530823_1
48,3,06a-02,97de45ab67f9417b8c32e5223e530823_2
49,4,06a-02,97de45ab67f9417b8c32e5223e530823_3
50,5,06a-02,97de45ab67f9417b8c32e5223e530823_4
51,6,06a-02,97de45ab67f9417b8c32e5223e530823_5
52,7,06a-02,d5945bbf78ce4696bfc91dff1c6026f9_10
53,8,06a-02,79c9bb415d254bad9a14575e52d93bd4_7
54,9,06a-02,ae024fcf142a4aeea7c003f2ae2bedcd_4
55,10,06a-02,84d8830af6254152b1cf30d742c840e4_6
56,11,06a-02,b826e866a5b5435a858d46e730164b49_3
57,12,06a-02,833e2ef6bbbe4fc59defbec58f959dc9_5
58,13,06a-02,5ab33da2a52444e5b557abdfaa667ffe_11
59,14,06a-02,2aa59d73bbaa4c13a12539713c6e8f3b_2
60,15,06a-02,b1e8b023f10a44fc82f34fc23b7332b9_3
61,1,06a-03,5e087317ab6a4fb28abe4d41d8204e95_4
62,2,06a-03,90059f787e744db3a0ef7add7d679548_5
63,3,06a-03,f0b0a3c3aee64cff9908f138de9390b8_5
64,1,11a-01,9a3a106fee05467e84f9728e85386d1f_0
65,2,11a-01,c524688294ba4b2eb5a7265d9e279dd3_4
66,3,11a-01,952dc6ca042344268582c4ae22fc0b68_0
67,4,11a-01,016c141b94df4dd299c9cee432e3876d_0
68,5,11a-01,db56463a7911491dbd297b15d8bdebcd_9
69,6,11a-01,0ede82e863a344eb8a2f6d36d64fe5ae_4
70,7,11a-01,2797761b0abe40c8a33a9c982a779535_10
71,8,11a-01,7212b60cc5fc4949869995813628182c_12
72,9,11a-01,5d63618f18564bfba8da3b328bc8a193_0
73,10,11a-01,fb4b2f3094874820b2252278b772f7a5
74,11,11a-01,42711284dc4a402086f8646b54b26123_0
75,12,11a-01,9d4126531de74a78a1b107ae25ca274b_8
76,13,11a-01,3c9505809ab84b729014428ee78bd7e2_4
77,14,11a-01,e44cea3b8bad40c086b938189a6ef030_0
78,15,11a-01,9ac6ba788a02443999ce22e706698f99_4
79,16,11a-01,546a17c1de70440e8b2d4d8498239234_0
80,17,11a-01,3d84d27aebac4e2d94089ec8ca1bc070_4
81,18,11a-01,c7952a4bd1a34630b36053b9c230edca_4
82,19,11a-01,614954c3a1e84aafaebe1980f9fb77e0
83,20,11a-01,10de6cc0ae8e495bbc95e50be74f9ec2_4