b1bd3283733744b992a0d9e27206fef6_7,Soil and Water Districts,,2015,2015,2015-10-12,17:33:37.000Z
daa179d9af5442ed882c6a2b985e2c71_2,Hennepin County Facilities,,2015,2015,2015-09-14,18:58:41.000Z
c102b1d70fb848a5bd8960bc4e437c4c_7,Food Shelves,,2015,2015,2015-09-14,18:46:45.000Z
f066ef57b3fe40ebbfefaa318a261d75_2,Priority Natural Resource Corridors,,2015,2015,2015-09-14,20:33:28.000Z
7a24f282f0d7497f9352519dbb3607e8_0,Address Points,,2015,2015,2015-11-11,20:24:10.000Z
038b0504d5e74b708121a008abe0f0e9_0,HCMC Clinics,,2015,2015,2015-09-14,18:53:49.000Z
938c8598f0a0439a8d612bb7894a05cc_1,Hennepin County Bikeway System,,2015,2015,2015-11-05,16:46:37.000Z
90b2cef147c94a3f9fc0011aae0fa39c_11,Ward Districts,,2015,2015,2015-09-14,18:16:12.000Z
b80714beae114b8faee991edad840aa8_11,Hennepin County Park Facility,,2015,2015,2015-09-14,20:10:00.000Z
b9a198372ae44dde8d468c8950ae2502_4,Police Stations,,2015,2015,2015-09-28,18:00:01.000Z
c0e6878df8814670a89a1cc09d73b386_3,2010 Census Blocks,2010,,2010,2015-09-14,18:21:49.000Z
1fb4f3c3727f40aa944616d1f74039af_2,Minnesota Nursing Facilities,,2015,2015,2015-09-14,20:28:14.000Z
ec9dc2a51cb5478c91a85b90128adcf5_10,Voting Precincts,,2015,2015,2015-09-14,18:14:27.000Z
7f869241d25c4b918b087fe7b48a377f_3,MetroGIS Parcel Addresses,,2015,2015,2015-11-11,20:28:13.000Z
173069c1f85943bea833c90710c87d85_0,Commissioner Districts,,2015,2015,2015-09-14,18:37:17.000Z
0f494110673d49b798cdc18f78fa889b_8,Tax Watershed Districts,,2015,2015,2015-09-14,20:37:59.000Z
94d7d1d48b1b49cbbe0aaa90bbcedac8_1,Minnesota Land Cover Classification System (MLCCS),,2015,2015,2015-09-14,20:24:01.000Z
cde2b42d0da24de9b1bf7d7e178f3d83_2,2010 Census Block Groups,2010,,2010,2015-09-14,18:18:26.000Z
37804fc6f7154114bfb036bdb77c00e2_3,Minnesota Legislative Districts,,2015,2015,2015-09-14,20:26:20.000Z
2c68a692df4b4e47af378a00452d85b0_0,Hennepin County Street Centerlines,,2015,2015,2015-09-14,21:16:50.000Z
8dcdf020c0624a5494b492e36deaad5c_0,Hazardous Waste Generators,,2015,2015,2015-09-14,18:49:04.000Z
a229f865839e4ab6826d3c0bdffda83e_5,Park Districts,,2015,2015,2015-09-14,20:30:12.000Z
5e35347d7a8042278c03d9b6974c280e_3,Wetland Inventory,,2015,2015,2015-09-14,20:40:40.000Z
c36362ca783240ec974e29b87063a144_4,Hennepin County Municipalities,,2015,2015,2015-09-14,20:06:33.000Z
21d4448963034222a8f54c23fbefe693_0,City Halls,,2015,2015,2015-09-14,17:42:32.000Z
b40b1ebf641d49eaabdfd520735b7f0b_2,MetroGIS Parcels,,2015,2015,2015-11-11,20:33:15.000Z
62c63204202b45aca308a60efd8784d9_0,2010 Census Cities,2010,,2010,2015-09-14,18:24:36.000Z
7975aabf6e1e42998a40a4b085ffefdf_1,County Parcels,,2015,2015,2015-11-11,19:42:52.000Z
c5f67030adce4b3987782a88e0652093_9,US Congressional Districts,,2015,2015,2015-09-14,18:04:17.000Z
041f532da558419ab973e931173bbdda_2,HSPHD Regions,,2015,2015,2015-09-14,20:18:18.000Z
95591cf795fd4dd0b5bbfb183560d276_8,Homeless Shelters,,2015,2015,2015-09-14,20:16:35.000Z
f8a5f3d9a5334471a328a869364c1a53_4,PLS Points,,2015,2015,2015-11-11,20:36:55.000Z
62bf3dd96fda4bd49e40574ccbaa7653_1,2010 Census Tracts,2010,,2010,2015-09-14,18:26:47.000Z
389b45bdb8b64b59858f87d544875557_1,Fire Stations,,2015,2015,2015-09-14,18:43:52.000Z
70e1331d41194f3fa8d48200a2a1af6a_1,Minnesota Hospitals,,2015,2015,2015-09-14,20:22:20.000Z
d47c495bda3f4458bdbfff0e6a842d70_1,Hennepin County Boundary,,2015,2015,2015-09-14,18:56:34.000Z
e6d38722056a40d8907a08c2c73fcf81_10,Hennepin County Park Contacts,,2015,2015,2015-09-14,20:08:11.000Z
fd527cfaa7d645fd95631eb658cec4fa_12,Zip Codes,,2015,2015,2015-09-14,17:47:35.000Z
c76bcca7eb564523b6a1cf2807cbc481_3,Hennepin County Parks,,2015,2015,2015-09-14,20:11:58.000Z
21b6530828dc4d2484b3a298e6ca71a1_3,Hennepin County Street Aliases,,2015,2015,2015-09-14,21:18:46.000Z
